newsmode,e2PKHbtKDFknWYxb,Newspaper-Fold--Streamline-Freehand
explore,5Dca5ibgjGg6xee1,View-Binocular--Streamline-Freehand
note_stack_add,zOFQRtH3LzYXrT7Y,Notes-Hand--Streamline-Freehand
search,l80hiasHFonGpOml,Search-Magnifier--Streamline-Freehand
notifications,5CVfakShkEVf7a3p,Alert-Alarm-Bell--Streamline-Freehand
add,ANEC9nxFHThC7dAW,Add-Sign-Bold--Streamline-Freehand
chat_bubble,JfMfZTJKqLXmC0ix,Conversation-Chat--Streamline-Freehand
people_outline,o5EQl6LKakALZVZT,Collaboration-Team-Chat--Streamline-Freehand
chat_dashed,ppfpC68xRGurW2wM,Smiley-Crying-Rainbow--Streamline-Freehand
chat_add_on,Dzs3kvrZHuInu0Mi,Messages-Bubble-Square-Search--Streamline-Freehand
add_circle,ANEC9nxFHThC7dAW,Add-Sign-Bold--Streamline-Freehand
rule,Ps71gLgIph84Nx9i,Filter--Streamline-Freehand
forum,aH6qIwJDVvqThJ0G,Conversation-Question-Warning-3--Streamline-Freehand
communities,eM09fq5EUsX9kMm3,Share-Circles--Streamline-Freehand
article,e2PKHbtKDFknWYxb,Newspaper-Fold--Streamline-Freehand
view_agenda,92QEwe2InjpsggcA,Network--Streamline-Freehand
rss_feed,Wiqa126HgSfqX2qj,Wireless-Signal-Rss-Feed--Streamline-Freehand
globe,SMyO1sxAPXiDyXdV,Worldwide-Web-Network-Www--Streamline-Freehand
assignment_ind,x68wK1zBu41Hcw6d,Messages-People-Person-Bubble-Square-2--Streamline-Freehand
help,pPClazmNAdjbnnPR,Help-Question-Circle--Streamline-Freehand
news,ZtXbIbLR0OhiJPmO,Taking-Pictures-Man--Streamline-Freehand
bookmarks,5Wj4KiCWUDmGBCC1,Book-Library-Shelf-1--Streamline-Freehand
progress_activity,ZcH7aD4cx52Dt3CP,Loading-Spinning-Star--Streamline-Freehand
cloud_sync,4tnogPe2prFjYo4g,Cloud-Loading-1--Streamline-Freehand
groups,uz38xLqgl35ssWxv,Business-Management-Agreement--Streamline-Freehand
group_add,ZmKdVMzOl9OtfhWh,Meeting-Presentation--Streamline-Freehand
chat,7u87iIQVRqZ5y7ZK,Messages-Bubble-Square-Text--Streamline-Freehand
star,98SCro0RxB6kwgiP,Loading-Star-1--Streamline-Freehand
exit_to_app,SWRaH9EruAE3p9Ro,Safety-Exit-Door--Streamline-Freehand
tune,Q5S3lQfCU8bfK48h,Controls-Sliders-Vertical--Streamline-Freehand
manage_accounts,vw3q6kqGNc4ctpWb,Settings-Cog--Streamline-Freehand
post_add,3cpQGjjh38JvDhad,Send-Email-Pop-Up--Streamline-Freehand
add_link,tMuIZfBSJSkGaZzi,Office-Business-Card--Streamline-Freehand
add_photo_alternate,qCdhQ9alPmFT1Is8,Form-Edition-Image-Attach--Streamline-Freehand
camera_alt,EEOmNYigPE3wjuIq,Camera-Mode-Photo--Streamline-Freehand
gesture,GKz2LDHKS5SK9Kyh,Design-Process-Draw-Pen--Streamline-Freehand
visibility,djvFo04eeHP8drer,View-Eye-1--Streamline-Freehand
send,NIUXQn5iMiFJln4G,Send-Email-Fly--Streamline-Freehand
short_text,6ReBS5W0m5u3Skv8,Messages-Bubble-Menu--Streamline-Freehand
newspaper,hl28kZhanpdKNhMI,Paragraphs-Image-Right--Streamline-Freehand
share,eM09fq5EUsX9kMm3,Share-Circles--Streamline-Freehand
person,jPR2AbZRiBxEqATH,Composition-Man--Streamline-Freehand
install_desktop,PMidgrnXOWYhPT4Y,Drawer-Download--Streamline-Freehand
install_mobile,PMidgrnXOWYhPT4Y,Drawer-Download--Streamline-Freehand
call,hlrvKgmLQPNwf7q2,Phone-Actions-Ringing--Streamline-Freehand
translate,YceNor187G0slzPx,Smartphone-App-Widget-Translator--Streamline-Freehand
lock,4Wuwyg9fc9tFUXpa,Lock-Network--Streamline-Freehand
dark_mode,s7oj6Tv2K90R0wEB,Light-Mode-Brightness-Half--Streamline-Freehand
palette,oZvd7HmVRSATEzEX,Color-Palette-Sample-2--Streamline-Freehand
inventory,Q9BUb4pjRvkS1TOP,Office-Folder--Streamline-Freehand
public,UmMzwf11jsvqIVgc,Podcast-Microphone-International-1--Streamline-Freehand
account_circle,N9a4HnZYJueVVjPw,Face-Id-Male-1--Streamline-Freehand
explicit,Sf3qskWFZoG7VjxM,Tag-Hot-Price--Streamline-Freehand
vpn_key,B5HgYHIPrs7hZnR2,Lock-Key-1--Streamline-Freehand
eject,ZEl331Mg9uhCrq5t,Keyboard-Eject-Button--Streamline-Freehand
delete,y9C7DW9sRAgipEv2,Garbage-Throw--Streamline-Freehand
family_star,875phqi0Ba9fqq0u,Smiley-Shine-Big-Eyes--Streamline-Freehand
notifications_active,86LqHhlh7F3d7Yna,Mobilephone-Action-Notification-Allowed--Streamline-Freehand
info,FfS8btCXj3TkvaWk,Keyboard-Asterisk-1--Streamline-Freehand
face,jPR2AbZRiBxEqATH,Composition-Man--Streamline-Freehand
id_card,FjEfycz9d00tRvOh,Voice-Id-User--Streamline-Freehand
email,dw3pRJmWWAY6XCD7,Mailbox-Post-1--Streamline-Freehand
cake,Oj42uTws5hKQvgSC,Calendar-Date--Streamline-Freehand
link,dWpVGEiqCY36Dd3a,Share-Forward--Streamline-Freehand
place,hQ39C0pOaXe4DGN1,Gps-Location-Rectangle--Streamline-Freehand
person_edit,QWGbTeYWCsB0CyOM,Edit-Pencil--Streamline-Freehand
landscape_2,KmIMGxHGiHktv4bA,Picture-Double-Landscape--Streamline-Freehand
attach_file,qCdhQ9alPmFT1Is8,Form-Edition-Image-Attach--Streamline-Freehand
comment,7u87iIQVRqZ5y7ZK,Messages-Bubble-Square-Text--Streamline-Freehand
wifi_tethering,UmMzwf11jsvqIVgc,Podcast-Microphone-International-1--Streamline-Freehand
group_work,MWrBm6oX9YKeyUsF,Worldwide-Web-Users--Streamline-Freehand
open_in_new,dWpVGEiqCY36Dd3a,Share-Forward--Streamline-Freehand
computer,ls4JlZ1HUz90leDQ,Desktop-Monitor--Streamline-Freehand
code,j4Kzoue5SjOASPU1,File-Code--Streamline-Freehand
web_stories,7nTfnaQIkqR407Gl,Modern-Camera-Go-Pro--Streamline-Freehand
android,Yn2PLSrdRNIQ8A5U,Android-Logo--Streamline-Freehand
adb,Yn2PLSrdRNIQ8A5U,Android-Logo--Streamline-Freehand